#{"t_start": 1587174851.402108, "env_id": "Walker2DBulletEnv-v0"}
r,l,t
12.483081,10,0.7147
13.333982,11,0.750823
15.282279,18,0.822962
11.920381,9,0.853589
11.054554,14,0.909593
12.631545,12,0.942475
11.884267,14,0.995221
23.081829,25,1.077203
13.51745,14,1.114609
12.297042,9,1.139175
8.446005,8,1.161121
11.842007,9,1.185229
12.136247,9,1.215358
12.409463,11,1.244676
13.834827,10,1.271621
12.058681,10,1.29776
13.787205,10,1.325373
12.733766,12,1.357125
14.112323,11,1.386286
16.09698,15,1.425883
11.782172,8,1.447675
9.585564,14,1.485214
10.091191,9,1.509727
12.021809,8,1.53155
12.804804,16,1.573956
12.850667,9,1.597626
10.549483,12,1.629828
14.543566,16,1.672812
12.425541,10,1.699632
18.009256,20,1.753208
11.029307,7,1.771812
15.333888,18,1.819287
12.530309,16,1.862522
14.885968,12,1.8945
10.392437,8,1.916568
13.845422,14,1.952923
14.963145,12,1.985494
14.874775,17,2.031473
13.27987,8,2.052913
16.909212,17,2.098855
12.955209,13,2.133438
13.061145,9,2.157631
12.525146,9,2.182076
12.763301,17,2.22768
13.220883,10,2.254303
21.83937,25,2.320979
12.278697,17,2.366997
12.730182,10,2.393774
12.809075,13,2.428847
11.921465,11,2.459517
14.947182,13,2.494375
10.920858,7,2.513289
11.778936,12,2.54509
12.26766,9,2.569833
13.567283,16,2.612519
16.115214,14,2.650012
10.080744,10,2.677111
12.658522,14,2.714148
12.971607,11,2.743985
12.055394,12,2.7763
9.216122,7,2.795754
11.206037,9,2.820433
12.965926,11,2.849702
13.200761,11,2.878426
11.411672,15,2.918832
13.89778,17,2.965172
11.696309,16,3.007474
10.983314,8,3.029533
11.293211,10,3.056083
10.431269,9,3.08025
17.011958,17,3.125927
18.32889,16,3.168967
10.606583,8,3.19008
18.282272,19,3.240991
13.414982,9,3.265577
18.044368,24,3.330296
13.969552,15,3.37059
11.757146,7,3.389775
13.059232,12,3.421427
15.53708,15,3.461037
10.784172,18,3.511468
12.012913,13,4.505206
11.678043,16,4.560421
19.388679,29,4.639543
14.03,15,4.678989
15.339829,13,4.713721
10.386348,8,4.735956
16.146058,21,4.792439
17.377435,18,4.84123
17.762269,22,4.900827
14.303473,12,4.932653
13.46055,11,4.962756
14.89572,11,4.992088
11.834657,10,5.019154
14.072502,18,5.067794
13.716292,10,5.094757
13.926718,11,5.124627
12.319739,14,5.161781
16.663431,18,5.209689
10.543605,15,5.250165
17.12705,15,5.290192
14.216458,12,5.322742
9.735563,8,5.344839
17.873924,24,5.40906
8.934716,13,5.443029
9.428353,6,5.459349
9.224614,7,5.478402
18.666546,18,5.526058
14.33936,20,5.579053
12.610145,12,5.611685
15.869274,21,5.667416
12.918527,11,5.696898
13.678989,13,5.731655
11.003493,15,5.771795
16.741268,14,5.808863
16.141519,13,5.844256
9.702093,14,5.881454
17.689742,23,5.943287
11.218286,11,5.972806
12.447396,8,5.994351
11.544991,8,6.016171
14.51969,22,6.075679
15.040548,15,6.116596
12.014051,11,6.146084
12.03297,14,6.183663
11.383951,9,6.208047
8.543775,7,6.226758
16.214152,17,6.272538
10.444661,14,6.311239
12.454828,9,6.335623
11.051698,8,6.357571
13.665893,12,6.390379
15.760807,14,6.427905
18.330359,20,6.481564
15.625727,23,6.542554
13.843252,13,6.577569
11.202541,10,6.604545
11.87864,15,6.64465
11.384865,11,6.674281
13.962159,16,6.718127
11.657908,7,6.737573
12.824465,18,6.786184
14.075135,17,6.832366
11.311747,8,6.853981
15.147048,22,6.912725
10.59331,9,6.936365
12.674205,9,6.961212
14.291479,14,6.998595
18.922171,27,7.070773
12.779212,9,7.094945
11.570578,16,7.138235
10.460895,11,7.168461
11.139582,8,7.19068
11.079064,9,7.215505
11.916943,7,7.234122
11.024922,8,7.255567
17.426095,22,8.196304
24.482309,26,8.282031
12.081485,7,8.307489
10.602474,9,8.340035
13.04648,9,8.363815
22.343584,25,8.430009
12.940911,16,8.47256
17.419221,15,8.513146
18.425549,16,8.557126
21.75562,31,8.639864
12.810901,10,8.66693
12.6307,8,8.688303
17.427814,19,8.740098
11.839364,10,8.76703
11.206507,9,8.79153
12.381897,14,8.828693
11.883059,9,8.852648
17.089882,18,8.901064
13.107549,14,8.93849
11.917564,9,8.962909
16.199112,16,9.006009
14.517579,20,9.059251
14.070298,13,9.093925
12.642703,9,9.11837
10.370617,8,9.139972
18.81512,23,9.201947
11.916373,11,9.230896
12.601512,9,9.255755
23.133321,25,9.323239
11.940041,11,9.352661
15.348063,14,9.796685
16.033786,15,9.838631
19.406531,24,9.904838
14.36562,13,9.940321
11.204193,12,9.973819
13.885818,15,10.014724
14.179118,16,10.059463
21.969348,33,10.150953
12.598926,16,10.194636
13.754531,12,10.228659
13.682393,12,10.261742
11.478873,10,10.289495
13.353254,9,10.314653
11.40332,9,10.339196
13.884071,20,10.394828
13.839915,14,10.432682
19.94847,23,10.495177
19.430367,18,10.544022
17.558956,15,10.585131
13.38619,13,10.621018
15.319532,18,10.670165
14.115338,13,10.705315
15.063735,11,10.73519
15.104546,24,10.800072
14.650545,9,10.825036
12.457841,11,10.855319
13.785488,14,10.892204
21.539244,22,10.952376
13.061763,14,10.991126
15.445171,14,11.029378
12.322313,9,11.053556
13.338668,11,11.083339
14.459287,16,11.126963
18.743404,18,11.178415
12.882712,11,11.210329
14.75779,13,11.247873
13.294384,12,11.282436
13.191715,8,11.30557
11.648645,12,11.347562
14.80194,13,12.226876
11.569195,12,12.259853
15.742911,14,12.298693
15.88559,15,12.340317
16.896445,18,12.389029
25.243825,40,12.498302
18.093506,21,12.555433
14.194837,14,12.59391
18.540687,28,12.668997
12.42828,9,12.69374
11.876536,7,12.713412
21.142535,29,12.792422
17.268343,19,12.84374
22.321311,27,12.916927
14.96362,13,12.952852
11.674388,8,12.975128
14.164612,13,13.010713
13.146433,15,13.052375
13.270285,8,13.074775
14.086725,12,13.108104
18.843549,17,13.153916
15.991975,17,13.201687
14.577118,15,13.243275
16.344034,16,13.287211
13.408048,18,13.337183
20.679783,29,13.417483
23.718162,33,13.507266
14.313026,13,13.54363
13.585473,15,13.584476
32.344641,37,13.688083
15.4157,15,13.729407
12.985375,12,13.762429
16.842059,22,13.822356
12.848142,14,13.861476
20.203449,28,13.939691
13.660312,18,13.989462
13.089117,10,14.017653
10.977226,8,14.039701
27.769699,41,14.152212
16.096309,17,14.198782
15.597862,15,14.239761
20.324678,26,14.312291
16.005395,14,14.35103
11.030967,12,14.384432
13.620342,13,14.420975
14.762461,15,14.462192
9.376217,6,14.478752
14.993307,13,14.514404
19.13642,21,14.571856
10.147647,9,14.596801
17.573165,16,14.641765
11.589944,8,14.663579
12.267479,15,14.704642
12.540472,11,14.73457
20.851639,27,14.814559
14.290403,12,14.847024
18.686251,23,14.914472
11.908834,12,14.956782
22.402395,21,15.029263
12.253176,12,15.065691
21.830411,26,16.000047
16.744494,19,16.051805
16.458757,24,16.117024
14.105265,12,16.149529
25.64607,38,16.253857
12.64083,12,16.298292
18.218738,23,16.36112
18.318408,21,16.4161
13.285027,12,16.447916
18.001879,23,16.508349
17.565888,24,16.571899
14.652149,11,16.601139
17.444077,22,16.666044
18.328734,17,16.710205
12.862462,9,16.733926
14.694177,15,16.77498
16.782987,15,16.815441
21.283725,29,16.892226
13.664842,10,16.919441
10.743653,7,16.938666
12.816549,11,16.9687
17.454566,14,17.006105
11.545569,17,17.051659
17.249101,26,17.125749
14.731775,13,17.160357
14.584674,14,17.197697
19.328237,21,17.254819
14.055304,10,17.282446
16.490835,18,17.331462
14.227939,15,17.372171
14.807563,14,17.41034
17.980696,21,17.467832
13.721986,12,17.500989
16.760373,22,17.561062
11.107806,9,17.585872
11.148452,9,17.610562
27.518476,41,17.723305
11.907773,10,17.750842
27.889032,43,17.868741
18.574499,21,17.92628
13.813553,9,17.951263
16.203209,15,17.992863
26.688896,31,18.077288
13.835127,12,18.110464
24.274984,32,18.199123
11.247692,7,18.218127
10.25,7,18.238057
14.541451,11,18.268496
14.243409,13,18.304233
18.321177,23,18.376482
14.668509,11,18.408887
9.224898,6,18.427973
15.084261,13,18.901417
15.983503,17,18.9525
14.608894,14,18.99498
15.444441,18,19.05923
20.443496,24,19.144299
9.039619,13,19.188263
18.471772,37,20.213179
14.015189,20,20.268013
14.089047,11,20.297884
21.061344,36,20.403002
14.246384,18,20.45144
20.631147,35,20.545988
21.016066,35,20.641307
17.275981,19,20.693664
25.314062,39,20.807651
18.892006,31,20.890932
20.860574,19,20.94303
12.694757,13,20.97749
14.441541,18,21.02599
14.569717,12,21.058434
24.368966,28,21.133964
18.472092,27,21.206237
12.422484,12,21.239282
16.693685,24,21.305034
20.096107,20,21.360138
18.580561,20,21.419285
14.634285,11,21.449886
15.655526,18,21.498666
12.201992,13,21.53423
14.860503,14,21.571266
11.535419,10,21.598482
14.267378,13,21.634308
16.106417,17,21.680321
20.594037,26,21.751667
22.130255,30,21.834282
14.208381,15,21.876639
17.789451,22,21.938523
17.237529,18,21.988129
26.85579,34,22.083164
9.727193,10,22.110757
20.005686,26,22.183183
21.720991,22,22.242541
24.202538,31,22.325982
17.114832,19,22.377505
15.650844,16,22.42018
23.931685,36,22.517541
13.574576,12,22.552389
19.30333,16,22.59816
18.942465,20,22.655718
28.820367,32,22.769818
17.340383,30,22.870621
20.312422,22,22.937576
16.437874,29,23.03441
21.105632,20,23.953633
20.674801,23,24.017946
14.126293,13,24.053869
17.569485,20,24.10941
29.092175,38,24.219392
12.592249,11,24.24955
28.655982,36,24.346881
17.519388,17,24.393394
23.56744,26,24.464816
27.913762,45,24.58877
14.233463,15,24.629629
17.785043,33,24.718539
15.994581,20,24.772963
23.351379,34,24.86594
18.221184,22,24.925245
18.244158,23,24.987778
19.714992,24,25.053882
19.1583,24,25.119464
19.612585,20,25.17415
16.541002,14,25.212243
12.125523,8,25.234177
42.109239,63,25.405473
23.649685,30,25.487801
15.655729,18,25.536705
31.145302,52,25.677288
22.961957,42,25.790215
16.08338,21,25.847536
26.478062,30,25.928892
20.677293,25,25.995411
13.446664,13,26.030659
35.698795,41,26.140314
17.07173,16,26.183532
21.66594,62,26.396681
19.823398,23,26.472217
20.532243,27,26.577197
18.720119,19,26.657441
16.29459,16,26.706239
46.426126,51,27.763405
19.977311,28,27.842182
24.077538,32,27.927893
17.844504,18,27.975901
33.644509,47,28.101645
22.266718,21,28.158596
16.212793,24,28.222411
17.243453,19,28.273268
23.041272,40,28.383899
19.954754,31,28.481656
16.636119,22,28.544049
62.580268,79,29.307234
18.035924,19,29.358871
26.140106,29,29.439747
17.072669,32,29.535421
35.112742,66,29.711599
11.996268,11,29.74142
18.958795,21,29.797123
18.870985,17,29.849152
15.867423,19,29.900309
52.185712,57,30.056867
11.821149,13,30.093428
28.120327,45,30.2175
18.997192,23,30.282001
18.117632,29,30.372546
23.95305,45,30.525733
19.976605,20,30.597205
37.000921,45,30.777081
24.028865,27,30.864139
23.87714,30,30.965857
16.867981,23,31.05286
9.612183,8,31.08604
25.040921,39,31.208263
17.07077,14,31.249257
30.342783,44,32.219555
18.999085,28,32.2981
18.290997,17,32.345418
13.279692,18,32.395393
46.959807,77,32.618894
26.339911,33,32.706173
18.339632,20,32.758627
26.956934,34,32.847598
13.398418,11,32.877373
26.556006,35,32.977257
31.855972,30,33.078568
30.098413,39,33.197168
28.543845,44,33.339687
18.106754,16,33.402813
25.2169,27,33.482762
15.700038,20,33.5441
16.906446,27,33.642553
28.362761,30,33.73076
23.53491,34,33.822807
21.471372,27,33.89577
26.080141,39,34.001512
45.65219,51,34.140871
20.370866,50,34.300673
27.803637,38,34.425817
18.193023,22,34.492566
21.461383,36,34.625302
11.09473,9,34.651315
15.749657,17,34.719133
34.267354,48,34.874387
27.334278,32,34.987933
14.852157,12,35.022931
37.178077,47,35.166805
12.433839,14,35.202955
22.464013,33,36.146057
28.073803,36,36.249354
48.680905,60,36.409984
28.066982,41,36.51868
16.610408,16,36.561902
24.641676,35,36.655902
49.530114,51,36.791758
18.2243,27,36.864404
16.036287,19,36.915239
19.61078,28,36.994315
31.586784,45,37.122599
24.796913,55,37.28404
33.969974,35,37.399964
55.485398,109,37.758378
10.893251,13,37.793176
59.822684,64,37.964453
23.093969,29,38.042198
46.540257,60,38.203747
28.488008,44,38.321953
18.949048,21,38.958988
27.300516,30,39.073627
35.743171,53,39.252223
18.576203,23,39.337892
26.785797,39,39.460772
9.387001,12,39.493619
31.666213,36,39.592959
20.208078,24,39.667733
28.123024,51,40.652503
32.943609,41,40.764871
58.69788,76,40.974525
30.65467,42,41.087242
18.224884,20,41.141569
67.264526,79,41.359428
39.713557,76,41.561048
40.124185,67,41.751261
31.151982,41,41.870371
28.286767,60,42.050598
18.37622,29,42.144122
34.272134,45,42.269663
37.541715,58,42.44458
19.994363,23,42.519106
20.050161,22,42.591968
25.930511,29,42.684793
28.313473,33,42.790051
56.791103,72,43.024918
56.877367,108,43.368278
18.651028,25,43.435167
13.581649,21,43.491036
20.083787,21,44.381737
33.143864,61,44.56445
36.928574,81,44.778864
29.734746,46,44.901217
17.37049,18,44.948918
32.062081,39,45.051972
31.799129,61,45.213416
45.507594,49,45.344429
62.349304,76,45.586829
31.467837,38,45.719404
26.288953,31,45.812925
19.893943,52,45.986207
42.934627,46,46.131968
34.585015,70,46.365081
38.822066,45,46.512928
28.324719,41,46.653241
32.922012,52,46.837223
17.223975,25,46.935054
52.678537,53,47.096312
43.200777,63,47.268184
52.938599,54,47.414124
19.558827,29,48.340596
54.13636,93,48.594836
28.081329,47,48.724199
30.003077,33,48.814499
34.186147,61,49.422536
19.444281,72,49.654191
42.01213,60,49.844294
71.983389,93,50.128753
60.044578,75,50.333964
44.525376,86,50.567142
49.795282,62,50.764863
14.881292,17,50.815797
29.613451,39,50.94124
74.2328,105,51.282836
41.49484,70,51.548286
53.917072,71,51.796365
37.49595,49,52.808787
17.182706,19,52.860717
42.60241,46,52.986771
43.886636,65,53.166361
29.425267,46,53.291662
29.768276,53,53.438184
62.482934,71,53.631437
22.957534,39,53.738897
23.764678,33,53.836956
26.661845,31,53.938748
55.570188,66,54.159309
44.610802,51,54.326345
30.277593,44,54.474146
72.244582,111,54.839443
58.955342,106,55.22975
36.857927,58,55.41193
68.081215,89,55.699946
59.618552,72,55.912458
30.706898,62,56.931624
18.832572,23,56.994081
36.647468,97,57.258531
21.515149,38,57.359984
45.799855,66,57.534694
46.088151,60,57.697491
12.864788,11,57.739716
62.728829,83,58.00195
57.13883,64,58.201078
27.381875,43,58.346509
43.504785,99,58.642812
80.121363,121,59.715204
69.380315,95,59.998948
51.004885,54,60.167418
24.081544,33,60.274028
41.849461,71,60.489849
50.035564,64,61.496089
49.610813,53,61.63774
43.809453,96,61.892331
35.951919,79,62.101389
57.553787,79,62.326813
84.202638,118,62.722688
40.807223,70,62.972039
60.935727,82,63.236761
55.158853,55,63.398523
28.803967,44,63.528073
80.047972,92,63.801779
42.610011,62,63.98686
22.952483,60,64.175032
45.190341,89,65.287827
58.35398,73,65.488028
62.687428,66,65.666647
93.881258,125,66.003357
40.592674,52,66.151431
80.559833,116,66.505085
67.737577,81,66.760714
62.944256,68,66.977061
48.114842,71,67.202549
39.180576,109,67.503932
51.71418,71,67.731038
48.095745,62,67.92424
37.039653,92,68.2048
60.803089,67,69.231822
52.393519,61,69.776001
44.527482,54,69.931016
54.477269,77,70.168821
63.673867,75,70.383766
65.387807,77,70.634132
88.666681,139,71.022573
72.529712,87,71.305286
57.633751,72,71.550844
62.820182,77,71.813517
39.6665,69,72.059311
49.568087,73,72.32842
60.08173,58,72.495605
71.934765,100,73.619398
70.683636,101,73.900413
38.138306,97,74.16768
63.715025,75,74.374948
57.772622,62,74.551878
66.081079,74,74.773468
60.598756,54,74.945857
46.260553,76,75.194104
30.685597,82,75.448868
68.673503,76,75.690626
58.230545,68,75.897588
75.183747,99,76.189292
63.752892,85,76.439032
51.219019,63,77.460497
68.597259,85,77.696947
68.006576,78,77.912213
43.034694,88,78.148239
41.435561,47,78.279246
67.198861,94,78.553902
44.911852,51,78.706345
30.344182,74,78.938545
72.827774,94,79.799049
47.357407,61,79.985168
70.781584,81,80.230546
51.327333,57,80.397573
86.546473,116,80.782239
64.484732,127,81.986463
100.384545,154,82.406833
63.437635,90,82.660465
44.395778,59,82.828942
76.841814,105,83.149171
58.275387,57,83.342719
52.17633,63,83.537177
82.485576,100,83.828231
97.405362,138,84.269158
60.515297,73,84.514406
70.854085,99,84.818907
60.148444,73,85.849367
92.40662,131,86.212666
52.221022,53,86.358867
46.621619,69,86.553385
68.343359,96,86.860873
53.681825,63,87.06242
66.539909,156,87.54682
75.799967,88,87.831067
53.33814,61,88.023604
72.201319,86,88.28998
55.6492,63,88.487078
53.949445,69,88.705487
59.019676,72,90.222691
81.782264,199,90.770766
71.666841,99,91.057387
74.552259,91,91.328005
61.043309,68,91.534823
58.847672,65,91.729908
94.174429,109,92.067871
59.616554,55,92.234878
102.64424,160,92.730209
75.66032,82,92.978186
72.04931,86,94.073205
93.662061,133,94.439478
58.417568,67,94.624391
68.118923,68,94.827099
55.600134,63,95.012801
90.211915,117,95.400643
79.650233,84,95.661783
57.564568,70,95.883521
72.708082,89,96.165887
59.789885,63,96.353567
89.870264,174,96.868825
90.777085,120,98.034822
75.825766,78,98.244648
83.400214,98,98.509699
86.403185,103,98.790915
52.31334,62,98.969048
23.629172,80,99.64739
60.546303,58,99.848231
58.905663,68,100.06639
61.08852,65,100.291626
76.681203,99,100.61986
68.803458,85,100.893876
56.726018,58,101.072983
66.579248,84,101.313344
68.412248,82,102.381156
64.368909,67,102.560346
49.94829,54,102.704549
75.435771,110,103.005897
79.160358,103,103.306503
68.824414,84,103.580604
68.762141,78,103.839761
65.510137,85,104.107594
67.782103,82,104.337486
52.633271,55,104.519668
68.542233,81,104.785139
56.413193,52,104.954597
97.431412,130,105.318624
68.414346,86,106.399703
62.021125,63,106.567425
64.766538,80,106.794082
60.636402,64,107.000765
85.565433,106,107.342887
78.076776,101,107.657013
72.380775,94,107.927332
52.984477,63,108.150505
71.753792,87,108.431845
70.714461,96,108.739671
70.408278,78,109.682762
72.236564,75,109.888177
81.100303,93,110.995842
67.637386,79,111.212775
74.960269,84,111.443562
80.031703,93,111.761677
72.626598,78,112.05814
74.152543,85,112.341097
92.872314,123,112.714636
73.074388,87,112.987403
92.082808,122,113.38849
70.965581,73,113.586834
54.950716,72,113.782845
54.497268,65,113.960851
79.353421,87,115.046983
69.732508,78,115.259068
59.32678,64,115.445312
43.000353,43,115.578821
86.042774,106,115.904412
56.501258,54,116.094811
62.072145,88,116.374053
79.687214,91,116.647361
47.470422,55,116.813547
64.979217,66,117.023076
78.023203,94,117.299274
61.440225,62,117.464921
66.005426,67,117.644101
59.270654,60,117.802953
92.883109,108,118.939801
99.926468,127,119.28521
59.648331,74,119.523875
59.945591,64,121.164495
83.333862,96,121.455272
81.071557,105,121.764076
98.427113,119,122.086168
62.500837,76,122.297265
63.861779,80,122.515451
70.583105,73,122.713422
69.890877,78,122.925371
65.91679,72,124.004274
79.143416,97,124.356051
64.508885,61,124.577654
99.89041,129,125.009286
75.824143,89,125.260502
63.571054,63,125.441197
59.05499,57,125.605176
70.855333,71,125.794967
68.537648,75,125.994303
82.625893,96,126.248536
78.024911,80,126.462666
25.953124,91,126.704079
80.406749,93,127.772267
54.168127,57,127.965477
82.801733,87,128.249588
65.570417,66,128.448605
76.126318,82,128.698038
62.983511,58,128.863388
88.730125,108,129.178994
73.317519,90,129.449509
64.44969,69,129.672141
62.397185,69,129.875047
72.123696,79,131.077745
66.229107,70,131.267159
65.934708,71,131.460194
75.793759,94,131.720172
98.479361,127,132.913361
72.718852,75,133.146107
73.738582,80,133.411241
72.468474,75,133.657274
80.235377,97,133.918752
79.099376,75,134.121168
81.26734,93,134.370866
95.73733,117,134.696878
101.400665,130,135.073472
81.455966,94,135.346219
76.84158,88,136.466006
61.657575,62,136.641086
81.906027,95,136.920518
95.349921,117,137.279492
83.811097,174,137.777702
106.463648,157,138.192861
85.434249,104,138.467482
85.946972,99,138.729402
76.253169,94,138.978099
62.975117,64,139.146119
88.316809,104,140.315841
80.479067,85,140.562593
58.896852,55,141.65186
75.057602,78,141.890664
72.727178,81,142.111804
88.67491,95,142.367253
111.495364,134,142.726802
103.09154,157,143.143497
73.156405,70,143.329922
84.568684,100,143.654591
74.560508,78,143.927788
66.506885,65,144.999157
73.96336,76,145.253547
57.416507,55,145.433705
71.961098,69,145.649589
61.137913,61,145.814674
56.659087,61,145.978841
56.616301,65,146.15405
86.293301,91,146.396158
93.211777,124,146.72485
87.102219,97,146.983808
66.373657,64,147.153929
75.836803,79,147.364008
72.289803,89,147.654859
89.409774,107,148.790541
80.101031,83,149.016792
69.623598,81,149.236825
70.004107,78,149.477293
54.84564,58,149.649613
55.844774,59,149.838996
90.878067,102,150.148202
72.587322,81,150.371787
64.726504,66,151.062
102.258975,135,151.430192
80.815122,88,151.704738
79.279915,87,151.998591
51.922848,54,152.170775
67.415477,66,153.22911
59.546082,66,153.429235
76.304835,74,153.655919
68.616355,74,153.881346
90.924785,97,154.147778
93.746459,96,154.41235
82.179955,88,154.649924
69.694309,72,154.844741
73.674109,76,155.051916
70.119397,71,155.243701
86.946045,96,155.534372
129.586632,164,156.942919
67.042855,76,157.190263
69.74929,74,157.427999
64.394855,63,157.612182
138.338777,186,158.132757
78.548551,92,158.387168
97.203003,116,158.707812
81.871769,92,158.961748
80.457159,83,159.191212
61.112426,55,159.351254
66.25359,66,159.545339
75.116342,77,159.78403
92.648477,101,160.926553
94.274955,111,161.685627
68.439488,70,161.912862
73.134319,72,162.1151
55.647418,55,162.262371
86.406304,98,162.525401
76.051527,80,162.740142
64.450168,64,162.913748
79.915702,85,163.146741
64.980321,66,163.32813
29.438731,82,163.563383
77.712656,88,163.824902
95.158343,110,164.998536
73.391139,83,165.287585
99.281533,120,165.704055
91.153949,100,166.002419
97.585828,106,166.298201
83.750193,86,166.53714
91.294266,96,166.803922
85.700045,97,167.062898
82.773894,83,167.284466
73.04242,76,167.487436
102.862704,116,167.82774
80.592615,86,168.937403
81.970339,92,169.186253
75.121421,85,169.424786
67.200519,63,169.613649
89.994277,103,169.916023
70.570612,68,170.116965
84.915943,95,171.029722
77.320158,71,171.222622
78.827284,83,171.444077
58.069799,57,171.596599
72.079256,71,171.809209
94.348667,104,172.118752
67.650962,70,172.358833
89.316515,92,173.44036
66.653808,67,173.641439
64.16227,58,173.817892
99.116542,114,174.146827
88.260079,93,174.404908
89.482698,89,174.651887
102.900471,116,174.973251
92.134641,100,175.24498
86.753394,86,175.478568
97.234096,112,175.779093
101.837556,128,177.019745
99.116272,110,177.330574
103.381547,129,177.703456
95.47105,95,177.995969
66.191945,65,178.191722
106.309718,124,178.544894
62.603702,65,178.721171
80.000385,80,178.936305
70.69141,73,179.13465
63.707289,67,179.313969
74.373192,66,179.491231
68.559823,63,179.65965
98.354324,113,181.296699
85.121874,94,181.574905
73.350415,72,181.811869
69.515894,70,182.038161
76.098214,78,182.279945
91.074434,93,182.541829
70.721568,76,182.758003
128.57563,156,183.200081
32.67956,94,183.466928
69.484295,69,183.675033
91.053515,93,183.965734
98.534271,102,185.097376
103.605745,106,185.416912
85.408406,84,185.688355
80.449388,82,185.95271
94.543083,104,186.274922
81.075041,85,186.51073
118.48123,146,186.916257
77.128413,75,187.125154
82.79097,79,187.341882
80.883712,86,187.572517
85.86433,91,187.817874
86.077027,85,188.957543
86.524709,92,189.208695
108.059331,119,189.536389
74.872222,72,189.768114
78.276281,84,190.042199
73.967223,68,190.746825
112.468832,136,191.109516
81.010981,81,191.326445
110.827705,203,191.926882
64.375106,57,192.127748
64.509268,60,192.33277
83.137981,85,193.405132
117.878891,163,193.921687
69.449995,63,194.117103
72.917961,77,194.337244
80.79065,85,194.565526
83.864906,82,194.784648
81.060343,82,195.000378
61.871823,57,195.150692
103.993822,112,195.446309
75.013577,68,195.627019
78.513121,74,195.824988
91.51897,91,196.108342
86.191661,86,197.231578
88.503902,87,197.467932
98.734615,111,197.77372
82.556696,84,198.040056
74.149084,68,198.260895
95.547463,102,198.582419
72.129827,66,198.766184
83.979872,82,198.982388
81.831938,77,199.18439
81.832027,85,199.409613
90.045901,90,200.081843
73.432869,73,200.336183
103.740285,108,201.505898
86.053268,87,201.799197
101.538267,107,202.136647
91.347316,95,202.426678
78.333312,78,202.644733
76.304886,72,202.848644
91.985438,91,203.10302
83.861197,81,203.330482
122.801936,137,203.724341
104.733628,108,204.052376
113.689718,126,205.330063
69.097628,64,205.515247
89.081343,88,205.787848
60.467073,127,206.177022
85.317704,88,206.428982
113.214831,130,206.777663
85.36486,83,207.000629
98.912649,98,207.262106
78.205469,75,207.463373
125.913891,149,207.864646
97.778978,100,209.017517
93.256652,95,209.30444
67.119719,64,209.485798
89.661294,91,209.743483
105.626601,109,210.626069
91.657771,94,210.874054
76.521656,76,211.074698
39.056805,102,211.345992
88.321735,86,211.572506
117.037543,137,211.962998
84.608666,88,212.265044
107.25588,119,213.501045
91.492384,91,213.761267
72.720104,72,213.985482
79.111422,68,214.205505
95.223514,96,214.518182
110.659188,120,214.848001
76.760717,75,215.050831
87.578755,83,215.274973
118.835709,131,215.627113
97.087597,101,215.925783
71.220156,68,216.163407
90.269425,87,217.300647
81.957549,79,217.519147
77.479866,86,217.758561
88.522691,92,218.016038
102.713884,104,218.326612
85.771444,82,218.594289
112.55348,126,218.98707
82.678389,80,219.206858
99.550181,100,219.945071
85.451792,84,220.221473
72.277156,65,220.457622
73.147002,64,220.686127
95.410069,91,221.800283
64.172917,58,221.958717
81.089333,77,222.188891
83.441301,83,222.43911
76.189552,70,222.663728
92.69458,97,222.952737
92.734672,97,223.222599
71.172618,67,223.410545
100.080802,102,223.695865
80.299932,84,223.957756
101.456577,108,224.324812
79.822791,75,224.588392
98.012515,107,225.767225
88.943525,94,226.031943
82.244086,83,226.280155
108.854291,120,226.623313
119.922905,137,227.042587
99.84408,97,227.319605
121.331414,135,227.694163
107.484147,108,228.027178
93.257944,89,228.343142
137.369727,185,229.824916
94.356906,95,230.078564
102.764786,104,231.031004
108.573689,123,231.387655
108.210081,114,231.699256
76.500478,70,231.890548
106.122959,116,232.244432
107.892727,116,232.61366
91.500179,85,232.909451
94.696003,95,233.227579
104.043176,108,234.401321
110.04953,117,234.764145
71.604208,61,234.947498
133.68636,156,235.408349
94.200849,87,235.653821
87.99574,85,235.893974
73.999573,65,236.075456
84.401847,85,236.329561
91.26259,91,236.651324
68.586176,63,236.878127
100.118914,107,237.22764
83.288605,70,238.267391
65.068698,60,238.436905
105.209523,104,238.729955
77.494758,72,238.955289
81.32456,69,239.188687
104.161324,101,239.503013
123.048381,144,239.892331
91.97954,89,240.798462
90.810606,84,241.09129
97.345243,101,241.446747
93.494595,100,241.765044
91.734918,96,242.881434
91.988502,87,243.154539
117.977726,133,243.55473
84.813368,80,243.774184
91.146338,88,244.015011
119.293724,128,244.384906
85.272952,82,244.635313
114.542952,127,245.015739
80.38686,69,245.237866
96.4745,93,245.538827
100.566565,97,245.822536
104.363718,110,247.009699
118.007147,124,247.403792
76.346861,67,247.596052
101.948313,99,247.866153
92.977646,95,248.124369
115.792754,132,248.480118
131.134719,144,248.892388
89.2182,85,249.18088
93.812197,91,249.462492
78.070955,71,249.668447
82.897618,75,251.344249
88.327228,90,251.615746
72.603194,67,251.815793
114.06491,119,252.149007
85.578305,77,252.362633
113.69737,121,252.723426
106.31751,115,253.077358
95.684156,93,253.340226
81.079382,73,253.568846
93.460104,87,253.882962
129.003288,149,255.177244
84.89357,76,255.406915
84.4034,76,255.637889
98.0527,91,255.888805
71.913681,66,256.069466
71.6125,61,256.235649
81.846032,77,256.446382
127.131919,139,256.8248
94.592443,89,257.0716
91.148455,87,257.33364
122.726146,137,257.835834
88.864927,80,258.103975
104.823516,104,259.244277
97.485906,88,259.500793
114.317384,121,259.869169
88.480425,78,260.099576
80.991475,76,260.317347
131.964765,141,261.197408
67.802918,64,261.390386
32.953598,66,261.621385
90.598713,85,261.898566
105.039458,106,262.245167
88.612229,79,262.494968
70.607756,63,263.535042
150.323112,173,264.109511
153.89325,224,264.751331
98.418067,94,265.018485
122.832084,132,265.391904
24.890606,26,265.466932
114.023111,122,265.851228
95.799351,91,266.146548
92.977851,85,266.420234
115.893317,117,267.599919
105.815035,109,267.901785
127.86723,219,268.548187
79.862281,67,268.778634
100.658859,100,269.07731
105.985753,104,269.358369
126.38378,141,269.807533
133.963271,149,271.010117
99.928268,98,272.130448
102.897469,96,272.481209
139.870478,154,272.960434
149.672624,184,273.486364
81.38092,72,273.713094
104.512658,103,274.046255
73.276737,66,274.276936
121.749197,122,274.654694
117.00038,113,274.987021
101.548214,102,276.102079
89.270963,83,276.349769
111.13759,117,276.702719
103.783674,95,276.980537
117.124867,121,277.308616
125.31519,130,277.661376
86.39248,75,277.869504
100.480724,100,278.190918
94.088827,82,278.500069
108.721503,115,278.86566
100.140036,101,279.989885
137.144108,149,280.405618
181.803147,309,281.998947
132.387673,147,282.456837
158.486151,174,283.050424
95.437225,95,283.321007
130.277453,150,284.573797
85.739937,70,284.80501
73.33781,62,284.997356
104.07621,101,285.342953
111.201718,104,285.630522
84.723312,77,285.843079
145.46498,160,286.295529
82.379423,71,286.531715
111.512162,118,286.966378
81.650733,72,287.215365
95.150547,89,287.480315
90.041384,82,287.702853
86.986904,80,288.763295
111.154462,111,289.082588
95.066268,94,289.382727
103.992178,107,289.718209
106.832299,100,290.018978
87.815965,77,290.236502
70.175798,148,290.661459
84.464653,76,290.90941
97.889861,92,292.247469
101.632613,99,292.506768
115.136384,115,293.706343
96.591656,93,293.970845
87.266145,79,294.181647
97.353026,85,294.436324
90.557283,82,294.718037
91.032345,83,295.028475
99.315582,93,295.337064
105.853724,103,295.637079
97.180057,87,295.88113
115.682121,117,296.201983
108.046123,102,296.480973
103.479128,96,297.565513
119.420535,119,297.896711
194.528031,240,298.554247
79.652049,67,298.7786
75.907684,58,298.97515
95.656845,83,299.271157
74.831433,64,299.474658
108.811765,109,299.8118
96.05432,88,300.047423
142.468468,158,301.32297
93.564145,88,301.589969
102.100117,92,301.862472
118.077053,120,302.721983
209.507191,273,303.56676
148.366756,183,304.077515
189.25346,229,304.693977
80.719955,73,305.715469
149.455373,176,306.200463
153.436197,180,306.689406
94.665053,88,306.9527
191.502834,303,307.96957
126.795554,121,308.323441
107.672243,111,309.461071
88.813914,78,309.682525
129.965462,141,310.109941
196.911139,238,310.784651
112.162973,107,311.075716
90.904987,78,311.297322
103.661442,103,312.677052
39.083818,64,312.859939
98.449842,93,313.116725
120.26026,130,314.312378
173.853069,214,314.89623
126.111551,127,315.2719
112.888678,106,315.603253
153.219302,187,316.145166
122.527277,130,316.498602
176.384827,220,317.094619
96.348796,84,318.157366
223.52336,304,319.088239
107.615138,113,319.448954
180.756244,216,320.120685
154.074291,174,320.682594
97.873986,92,320.937506
71.036217,58,321.097172
160.174691,193,323.244728
121.525898,125,323.602913
120.664517,116,323.983714
104.514917,96,324.279826
91.995072,77,324.495657
101.951401,94,324.744451
108.262484,105,325.022236
102.479973,93,325.269374
217.251582,280,326.838473
121.839275,125,327.175383
101.455989,91,327.443774
153.731146,166,327.933852
166.124183,184,328.447919
85.071526,75,328.702475
109.937912,115,329.086509
81.607506,70,329.292787
133.561513,142,330.51248
93.507116,81,330.769917
80.056347,71,331.00073
147.92202,167,331.491177
168.142355,179,332.818814
99.477639,94,333.12733
144.896156,152,333.537329
101.959895,94,333.790577
105.01678,104,334.897224
115.357152,111,335.249343
87.968813,76,335.45662
122.585916,122,335.795649
101.668578,96,336.097134
136.065159,135,336.565839
91.840255,78,336.83839
125.631681,131,337.225727
93.393666,83,337.447501
99.918286,88,337.685955
100.871698,95,338.788282
98.655654,92,339.071627
120.709628,116,339.390202
149.029053,225,340.042779
74.706714,61,340.220094
93.166249,79,340.444646
104.777478,99,340.710252
87.460194,71,340.902789
94.806153,78,341.129271
82.284528,66,341.325198
97.080676,87,341.578295
116.019569,111,344.257174
180.859653,205,344.862239
114.488222,106,345.208906
101.409173,94,345.495691
142.794089,154,345.945048
79.848821,64,346.122814
113.385976,110,346.429219
187.457054,212,347.018839
162.438419,175,348.323284
61.236069,123,348.688789
115.337962,108,349.016618
159.005256,166,349.479588
112.916796,104,349.79628
126.932969,122,350.170093
128.875447,134,350.591146
137.826937,142,351.818997
118.835149,112,352.147619
138.921999,139,352.557831
165.7008,178,353.846336
139.641871,148,354.305952
142.42332,154,354.754567
109.263152,104,355.03205
112.365896,105,355.310329
107.967974,108,356.479612
136.959798,133,356.907584
79.877205,73,357.105006
98.250096,89,357.350745
87.388788,73,357.602613
167.957311,169,358.138446
109.114419,100,358.41022
118.098972,112,358.713672
169.473178,184,359.27635
159.518097,169,360.606092
94.71851,89,360.880511
116.389763,114,361.248188
128.845889,155,361.701119
139.178494,145,362.087116
92.421865,78,362.293821
91.189361,80,362.545106
194.505962,215,364.307137
90.697964,73,365.337273
106.952266,93,365.619971
180.129082,211,366.20605
111.966403,102,366.541538
137.185848,141,367.020389
82.907805,70,367.255874
172.271741,190,367.855554
114.096406,113,368.16078
82.493618,70,369.194932
89.179005,74,369.398966
143.070382,154,369.822039
91.801452,79,370.039062
136.990415,139,370.424192
135.961672,131,370.787112
84.973524,71,370.980824
80.935647,67,371.166311
93.689425,76,371.375693
135.676836,134,371.745297
185.601429,204,373.146785
159.236361,165,373.627603
177.215329,278,375.166993
110.12826,95,375.464869
134.977491,135,375.919475
115.646155,106,376.282264
170.048692,178,377.718731
148.409081,155,378.222567
118.272971,113,378.52712
101.564585,86,378.755748
95.508135,90,378.996019
122.120178,115,379.368116
155.515615,173,379.912289
99.676806,85,380.145422
112.119307,107,380.439633
131.093266,131,381.683239
128.486096,133,382.119974
97.110272,80,382.341294
97.640961,85,382.600132
93.888731,72,382.840726
163.0474,179,383.380954
118.926505,115,383.70112
104.47019,95,384.816144
125.372968,111,385.181707
107.821023,95,386.366699
186.01506,206,386.981851
102.454155,90,387.251217
188.480689,206,387.818928
167.586586,164,388.273988
160.491546,163,388.810355
105.551135,95,389.156585
173.179422,191,390.570322
207.610945,241,391.339028
157.831654,156,391.761335
186.065246,205,392.34862
113.307969,106,392.689963
154.202996,156,393.162583
103.310909,92,394.259508
150.179842,157,394.695794
111.95512,94,396.081138
125.568619,119,396.422778
120.266564,114,396.730027
204.166527,230,397.438375
112.001932,100,397.771509
225.476311,252,399.394341
240.747801,288,400.303333
185.984106,193,400.830064
108.598987,96,401.137766
192.483134,204,401.790838
103.403875,90,402.035724
176.483511,181,403.385518
131.6056,126,403.727694
91.583607,79,403.940592
95.898607,79,404.155236
169.938124,173,404.661929
147.129679,151,406.193258
185.014669,192,406.778431
152.096133,146,408.092977
152.714694,162,408.616457
231.578948,260,409.394279
181.093965,184,409.890343
188.832854,197,410.459026
159.310658,155,410.982076
89.646745,76,412.038484
97.386562,84,412.273038
238.176334,260,413.134551
94.031375,78,413.350519
188.301098,219,413.95745
99.232854,83,414.182569
237.162038,249,415.788857
215.595243,228,417.495887
241.59329,274,418.283481
276.876728,309,419.140126
91.408942,79,419.369996
99.020076,81,419.619416
176.548468,253,421.150718
238.842245,273,421.969062
235.016959,266,422.771673
177.412551,172,423.235335
192.683308,194,424.673482
173.607482,219,425.266332
206.274044,219,425.863173
217.782349,224,427.571826
130.031455,122,427.980368
238.370626,257,429.533935
118.232038,109,429.827081
245.969293,277,430.571031
227.011445,259,431.351002
145.268319,144,431.788098
173.68376,175,433.108192
269.355766,311,433.980717
271.223775,327,434.874755
93.623456,75,435.080699
154.22108,151,435.495925
87.91403,73,435.695588
201.135461,210,438.577197
116.594884,107,438.926543
240.514385,269,439.647443
94.074647,77,439.855609
277.48553,309,440.940537
216.061388,219,442.436583
265.673544,324,443.386009
86.31651,70,443.577946
150.805975,151,443.989483
103.255476,87,444.237909
179.381163,186,444.883499
226.157021,238,446.444674
154.846697,153,446.894959
291.32729,325,448.954574
235.16577,241,449.670336
266.417669,286,451.415233
208.693436,215,452.038818
309.111685,345,452.989536
289.025697,317,454.031554
269.449858,363,455.922862
115.858602,103,456.205408
245.602241,263,456.925277
205.909678,216,459.662376
276.238229,302,461.406044
233.637608,233,462.029238
280.002245,291,462.815354
302.844614,301,464.554354
213.086298,215,465.147904
323.218969,344,466.146538
230.716391,245,466.852926
268.181888,294,468.548266
347.862467,395,471.796973
334.279438,361,472.88998
301.625268,326,474.74964
263.978583,278,475.500328
324.511547,357,476.528229
337.79234,365,478.492502
321.972434,342,479.452744
332.838751,351,482.112101
112.053161,99,482.378974
122.543152,107,483.524584
329.932299,349,484.515959
308.532087,316,485.361775
421.316628,441,487.470153
199.124191,199,488.043131
270.250108,268,488.753855
339.700264,350,489.689319
131.033001,112,489.984161
366.784747,402,493.701504
149.41391,145,494.098494
262.011314,274,494.830377
96.335448,77,495.035962
275.977766,266,496.583721
170.409258,144,496.986549
207.499439,197,497.680137
325.867625,307,498.568773
316.809366,325,500.290902
329.923355,324,501.251383
301.685641,323,503.680441
367.845828,392,505.575432
110.219964,92,505.842293
400.335194,423,507.12737
261.874022,266,507.917637
464.983003,477,510.17019
374.061985,385,511.241688
142.241659,121,511.575939
347.630506,346,516.640873
310.580965,320,517.611698
46.601492,86,517.852354
377.252838,378,518.863473
377.206122,400,520.797947
170.159784,190,521.318807
435.378574,442,522.540186
96.685871,79,523.582339
259.261057,275,524.330446
455.242825,469,527.715996
297.515792,290,529.339294
415.242737,429,530.641875
54.013719,87,530.885337
261.800804,268,531.633432
382.62065,380,533.592445
374.351507,384,534.80401
409.701708,408,535.999307
100.433532,86,538.990297
213.148487,216,539.69395
317.740789,329,540.616266
402.085667,424,541.738983
412.144892,424,543.833206
495.620121,495,545.157412
479.166354,484,547.442876
513.148759,529,552.005343
529.373109,563,554.5252
448.291916,474,555.947037
345.140908,374,557.864334
512.748473,533,559.409032
499.106317,512,565.254009
605.221864,612,566.97946
563.125921,587,569.598326
434.92333,435,570.78363
469.237203,534,576.2728
521.480463,518,577.779569
463.881969,455,579.980482
520.717609,505,581.457792
104.586848,84,581.73437
519.065083,504,584.092306
425.199314,410,588.464109
573.7323,578,590.922533
558.814281,629,592.682575
101.747875,80,593.770378
535.81981,535,595.342861
648.877138,639,601.440015
536.628094,543,603.15216
609.108152,639,605.824013
581.394218,573,607.499101
708.699319,714,610.459938
351.425973,327,615.206118
660.829295,643,617.873159
222.150912,183,618.360638
658.445149,622,620.955733
615.26067,701,623.8571
637.657021,613,629.642053
840.011902,826,632.923151
185.761325,157,633.453299
698.707123,705,636.2665
526.770708,518,641.748608
726.332974,785,644.915804
730.661793,695,647.775579
802.929382,782,654.365151
862.019379,836,657.808829
733.87317,705,660.727692
902.625985,883,664.160896
773.911378,740,671.49911
899.130004,863,673.997126
1006.916832,983,682.549356
866.508184,840,685.768221
767.442611,768,688.740812
977.366795,943,697.189624
879.970644,805,700.293264
963.605014,884,703.602562
1014.481318,955,711.418665
1006.760177,1000,715.276222
413.031895,372,717.22081
214.968861,190,717.761567
115.338195,83,718.042544
993.25109,1000,725.779013
517.687925,475,727.202014
85.567573,70,728.246037
1029.246763,980,731.798017
153.951605,127,732.153107
210.26068,166,732.59568
1023.49901,1000,741.36596
1072.744147,1000,744.981231
141.960328,114,745.292936
675.567766,613,747.095884
1047.572262,1000,755.694527
597.44311,539,758.028794
1075.077386,1000,761.529899
156.752401,125,766.849686
1077.923794,1000,770.618852
303.632533,265,771.394706
1074.994688,1000,774.978281
1068.489211,1000,783.938882
1074.343782,1000,787.663153
1068.350658,1000,796.418817
1077.212926,1000,800.208049
1075.929314,1000,803.77533
1079.071289,1000,812.409034
1100.224465,1000,816.031388
1079.167789,1000,824.613904
175.83442,136,824.981798
1105.675695,1000,828.73912
1098.125639,1000,837.631349
1113.278484,1000,841.23764
1071.533762,1000,844.941018
1083.867691,1000,852.62664
1081.189147,1000,856.252276
1124.752753,1000,865.152457
1125.041374,1000,868.801486
162.638704,150,869.203161
1109.098348,1000,872.883478
1130.868376,1000,880.940223
1115.735402,1000,884.541977
1144.104786,1000,893.172247
1147.270585,1000,897.148996
1116.273356,1000,900.702616
230.431474,173,901.182258
1165.153427,1000,909.887048
96.509953,69,910.09316
505.1503,434,912.105643
1142.934633,1000,915.801747
1111.791895,1000,924.620977
854.95799,750,926.612568
1114.683158,1000,935.313507
1154.947331,1000,938.932677
1130.11564,1000,942.573318
427.889782,344,944.424582
1095.705696,1000,953.177631
871.52598,730,955.337685
1140.752113,1000,964.184865
1142.266577,1000,967.803961
1125.542477,1000,971.360183
426.956256,423,978.322671
1158.576172,1000,981.993832
1146.161762,1000,985.799595
634.047734,527,992.457133
1156.280313,1000,996.09111
1140.698992,1000,999.749861
1164.773031,1000,1008.446205
1129.367569,1000,1012.100228
628.022416,514,1014.355672
1179.68662,1000,1022.175641
1189.31924,1000,1025.028607
1048.220646,885,1033.455579
1221.307126,1000,1037.242553
1199.135684,1000,1040.975168
646.271633,595,1048.806005
1192.080686,1000,1052.383509
1200.63816,1000,1055.926227
296.913775,266,1056.647172
1226.622541,1000,1065.333645
35.195149,41,1065.442759
218.966752,163,1065.958352
166.188908,153,1066.41132
1154.247611,972,1069.992158
1190.845855,1000,1078.73356
435.058591,350,1080.60252
1198.979345,1000,1084.2579
1212.472856,1000,1092.74853
152.181537,120,1093.12604
1222.962887,1000,1096.766905
459.57524,359,1097.764103
1213.617153,1000,1106.616584
1217.973705,1000,1110.24575
27.047967,27,1110.328645
655.066469,607,1112.795085
886.274116,756,1119.96817
1189.522292,1000,1123.92204
1207.676271,1000,1127.662698
907.072121,810,1135.873775
1205.943656,1000,1139.618884
1231.714983,1000,1147.747758
1167.335743,1000,1151.541889
94.259578,76,1151.748225
1208.05151,1000,1155.518255
1215.186214,1000,1164.203861
1199.497818,1000,1167.709916
427.794946,376,1168.797616
1223.728949,1000,1177.687588
1222.480441,1000,1181.397255
1184.4735,1000,1189.968349
1229.851966,1000,1193.544535
1249.389254,1000,1197.218011
915.877684,727,1204.299494
1226.991937,1000,1208.025479
1227.609888,1000,1211.692398
1220.660492,1000,1220.622284
1247.806174,1000,1224.367514
1230.941741,1000,1232.105578
1230.973889,1000,1235.779617
1246.0162,1000,1239.559226
1222.898376,1000,1248.089339
160.541894,139,1248.473047
1259.608329,1000,1252.169978
1250.18932,1000,1260.760526
1253.200344,1000,1264.290601
1238.487528,1000,1272.820716
530.960463,467,1274.033692
1265.262797,1000,1277.712421
1255.853508,1000,1286.456911
1228.678682,962,1290.017417
181.59853,144,1290.404377
1257.784074,1000,1294.155096
431.975676,353,1295.996502
1221.574703,1000,1304.715406
546.575711,427,1305.884722
1270.740235,1000,1309.558283
254.38164,231,1315.361622
1256.391787,1000,1319.028745
1244.942692,1000,1322.657629
257.328301,183,1323.14506
1245.686634,1000,1331.80852
1266.766511,1000,1335.419827
1264.027621,982,1344.195612
1258.426223,1000,1347.8134
1280.731728,1000,1351.465757
1239.703066,1000,1360.137357
1273.337567,1000,1363.755095
1265.861877,1000,1372.667231
1138.905649,884,1376.055545
1258.773631,1000,1379.692843
554.714689,433,1386.073699
1272.638584,1000,1389.862531
1288.20229,1000,1393.54618
1260.278546,1000,1402.426272
1267.803373,1000,1406.026126
1292.663923,1000,1414.810278
1296.505185,1000,1418.603624
745.636221,662,1421.231586
133.787712,178,1421.725754
1264.469984,1000,1430.554946
134.912187,110,1430.854534
1294.000055,1000,1434.392682
1269.850761,1000,1443.416905
1306.133491,1000,1447.234875
1306.005574,1000,1450.84419
1303.791421,1000,1459.584971
1253.88547,1000,1463.099811
1288.376013,1000,1471.98202
1270.414993,1000,1475.634045
1286.467129,1000,1479.263769
1286.998454,1000,1488.114708
1289.266081,1000,1491.788919
1285.639599,1000,1500.53963
1304.239312,1000,1504.114888
309.475504,244,1504.776907
1061.641136,801,1508.006026
1326.728642,1000,1516.640213
1303.909659,1000,1520.124648
1310.666487,1000,1529.039688
1301.767852,1000,1532.636465
331.248245,235,1533.25479
185.547987,153,1533.66504
160.894711,136,1534.052948
993.41255,746,1536.991956
1317.992198,1000,1546.009094
1339.467477,1000,1549.64827
1294.745749,971,1558.337679
1328.179342,1000,1561.994239
1321.276445,1000,1565.652122
1321.126063,1000,1573.842377
1340.161355,1000,1577.455019
29.062969,27,1577.528192
1319.753856,1000,1586.286576
1327.134933,1000,1589.854635
1327.137536,1000,1593.401795
1340.07789,1000,1602.200586
1344.556001,1000,1605.771951
1336.960594,1000,1614.554281
1348.260817,1000,1618.2976
1364.389616,1000,1621.812354
1357.502015,1000,1630.631918
1365.64559,1000,1634.300173
525.0541,396,1635.327579
1353.51428,1000,1644.146687
1345.886068,1000,1647.789871
1356.522915,1000,1656.37944
313.139023,222,1657.031794
1358.831763,1000,1660.713242
1353.126704,1000,1664.195586
1224.508902,876,1672.741024
48.972265,43,1672.878357
1390.00454,1000,1676.676117
87.543181,140,1677.104816
1383.194897,1000,1685.728261
1351.799571,969,1689.322039
1048.63453,749,1692.20626
1358.882612,1000,1700.996671
1293.92168,948,1704.552726
1270.657015,919,1712.848398
1378.52862,1000,1716.673898
1393.898739,1000,1720.403428
1406.55635,1000,1729.017261
808.237419,563,1730.528543
1185.80435,843,1733.70173
1411.341995,1000,1742.267132
1415.297632,1000,1745.939807
836.512705,593,1747.715521
1377.456833,1000,1756.598492
1403.198837,1000,1760.43242
1374.204019,988,1768.946891
70.909398,52,1769.116924
1440.342127,1000,1772.735391
1378.943068,1000,1776.363993
1435.002809,1000,1784.941213
1406.999397,1000,1788.563593
1440.94208,1000,1797.156438
496.423515,347,1799.057403
493.499399,344,1800.031921
775.849909,552,1802.389619
1424.670609,1000,1806.09758
1174.03924,809,1813.306163
1217.836863,850,1816.492022
1421.936729,1000,1825.181097
1428.526534,1000,1828.907216
1434.784793,1000,1832.573472
1464.250236,1000,1841.070121
1415.443058,1000,1844.769408
1448.99308,1000,1853.681314
371.02027,259,1854.366197
1225.550442,841,1857.514217
1455.707469,1000,1861.185721
1280.921579,874,1869.47653
1446.514757,1000,1873.02766
1459.416952,1000,1881.722585
1470.837714,1000,1885.345191
1451.375761,1000,1889.158204
1463.220468,1000,1897.846831
1422.094502,953,1901.365284
1479.212012,1000,1905.126519
1495.908304,1000,1913.665498
1474.762383,1000,1917.348109
1019.718176,691,1924.326429
1484.5405,994,1927.886395
1503.221688,1000,1931.551454
1506.040773,1000,1940.210872
1476.812634,1000,1943.720682
1479.280378,1000,1951.440499
1231.072798,842,1954.891943
1078.797797,736,1957.678708
269.324578,183,1958.234932
1399.85035,932,1966.865265
1492.395575,1000,1970.405649
231.31001,157,1970.900566
1231.592971,788,1974.029668
1273.383191,865,1982.309672
1505.132454,1000,1985.916416
1521.488052,1000,1994.773798
1513.194212,1000,1998.244601
1111.467588,725,2000.208383
767.985489,496,2002.495096
1502.608804,1000,2011.325583
1484.789184,1000,2015.048329
1537.602604,1000,2023.82822
1544.016287,1000,2027.399085
1230.731414,826,2029.612823
1492.075303,1000,2038.338207
1516.923716,1000,2041.942965
1505.750111,1000,2050.740589
1230.59357,813,2053.969396
1486.392146,1000,2057.486195
1516.418478,1000,2066.122857
1550.545535,1000,2069.726867
1511.307645,1000,2078.356436
1525.309837,1000,2081.95391
1549.30268,1000,2085.626776
1540.324658,1000,2093.605458
1568.489539,1000,2097.197413
1472.516153,948,2100.689886
1535.97624,1000,2109.674879
1401.330329,890,2113.007302
1551.245223,1000,2120.851724
1489.393282,1000,2124.517427
1566.740684,1000,2128.241178
1590.474042,1000,2136.780295
1559.175157,1000,2140.52352
1550.796972,1000,2149.292162
1332.673271,855,2151.737584
1559.960001,1000,2155.44005
1582.185669,1000,2164.203993
781.599536,489,2166.405978
1557.069728,1000,2170.069381
431.033001,283,2176.016134
1575.067335,1000,2179.63492
1567.322596,1000,2183.160289
787.420123,518,2190.449641
388.657067,250,2191.117096
208.495989,161,2191.630932
1585.762526,1000,2195.430375
1567.44061,1000,2199.217092
1557.101482,1000,2207.102238
1557.557056,1000,2210.79569
1593.787691,1000,2219.513969
1545.457148,1000,2223.317785
1546.652946,1000,2227.009944
1588.462716,1000,2235.628953
198.339163,130,2235.99858
1597.872518,1000,2239.589528
157.340136,106,2239.910852
1591.81644,1000,2248.641508
1617.060436,1000,2252.301996
1595.087559,1000,2260.820965
1569.542661,1000,2264.673003
1608.670613,1000,2268.295815
1560.697247,1000,2277.076824
1581.545442,1000,2280.623922
1571.486066,1000,2289.388736
1615.040128,1000,2293.13257
1535.525185,950,2296.577981
789.118145,510,2302.935345
1578.632949,1000,2306.550796
1575.443081,1000,2310.29732
1589.057804,1000,2319.156151
1582.211293,1000,2322.833905
445.238547,293,2323.613952
1574.070254,1000,2332.115493
1351.434744,859,2335.394928
1587.537055,1000,2339.148
201.032757,131,2339.488495
1639.204644,1000,2348.033527
1592.573404,1000,2351.859784
1623.922804,1000,2360.550447
1577.214676,1000,2364.199139
1582.871346,1000,2367.815519
273.589296,188,2373.467622
1607.196367,1000,2377.239763
1596.999454,1000,2380.940986
79.756011,53,2381.081043
329.66188,224,2382.553965
1611.026109,1000,2391.223384
1630.275218,1000,2394.836412
1614.176695,1000,2403.604202
1581.852166,1000,2407.218233
1640.273314,1000,2410.024225
1618.808058,1000,2418.699861
1608.013258,1000,2422.563362
1628.494264,1000,2431.194342
1644.803663,1000,2434.719651
1617.906649,1000,2438.516999
1623.816656,1000,2447.373738
741.117814,457,2449.47015
1628.614889,1000,2453.111617
1627.014761,1000,2461.660855
1630.781741,1000,2465.140732
574.723981,351,2466.064239
1583.495064,1000,2474.590824
1632.613804,1000,2478.133618
250.941861,157,2478.544542
1644.5474,1000,2487.015823
1616.777379,1000,2490.52933
1618.130988,1000,2493.995622
1617.069378,1000,2502.510751
492.323663,326,2503.371748
1638.239888,1000,2506.826805
1613.763513,1000,2515.196088
1618.775588,1000,2518.760833
1661.000481,1000,2527.362749
1640.0599,1000,2530.868139
1631.827838,1000,2534.549651
1626.791898,1000,2543.065626
1604.486637,1000,2546.551093
279.297932,173,2547.001541
54.54236,46,2547.12232
1637.511728,1000,2555.617094
1642.916409,1000,2559.104935
1655.404858,1000,2562.644795
1037.587387,628,2570.171489
1674.074693,1000,2573.843311
1656.980247,1000,2582.243737
1641.404023,1000,2585.901263
61.877679,59,2586.072104
1609.376283,1000,2589.618215
1584.819026,1000,2598.029903
1628.44296,1000,2601.532129
